rank,ticker,company,exchange,quote_type,country,sector,industry,market_cap,market_regime,final_score,rs_score,trend_score,trend_status,volume_score,sector_score,structure_score,rr_score,liquidity_pass,liquidity_score,momentum_score,fundamental_score,setup_type,trigger_confirmed,trigger_level,entry,stop,target,rr,atr_pct,relative_volume,price,avg_volume_20d,avg_volume_60d,median_volume_20d,mean_volume_20d,dollar_volume_20d,median_to_mean_volume_ratio,spread_pct,bid,ask,average_volume_yf,average_volume_10d_yf,regular_market_volume_yf,earnings_date,days_to_earnings,earnings_veto,earnings_penalty,revenue_growth,earnings_growth,operating_margins,profit_margins,debt_to_equity,return_on_equity,gross_margins,return_on_assets,trailing_pe,forward_pe,price_to_book,price_to_sales_ttm,enterprise_to_ebitda,short_percent_float,short_ratio,held_percent_institutions,warnings,signal,veto_reasons,reason_summary
1,NN,NextNav Inc.,NCM,EQUITY,United States,Technology,Software - Infrastructure,3218547456,risk_on,73.58,0.63,1.00,excellent,0.68,0.71,0.82,0.70,True,1.00,0.51,0.29,PULLBACK,True,21.17,21.57,18.79,27.12,2.00,0.09,1.47,21.57,2536635.00,2510051.67,2352750.00,2536635.00,54715216.18,0.93,0.45,17.21,27.09,2436050.00,2626230.00,5828645.00,2026-08-05,60,False,False,-0.35,,-19.14,0.00,,,-1.02,-0.17,,-32.32,-35.69,798.85,-51.28,0.18,5.49,0.70,,WATCHLIST,,PULLBACK | score 73.58 | RS 0.628 | trend 1.0 | R:R 2.0
2,LQDA,Liquidia Corporation,NCM,EQUITY,United States,Healthcare,Drug Manufacturers - Specialty & Generic,5561563136,risk_on,72.75,0.81,0.80,acceptable,0.57,0.42,0.82,0.70,True,1.00,0.65,0.74,PULLBACK,True,56.38,55.69,51.15,64.77,2.00,0.05,0.75,55.69,1862575.00,1333066.67,1402600.00,1862575.00,103726799.19,0.75,0.40,47.42,70.78,1371793.00,1376550.00,4394672.00,2026-08-12,67,False,False,41.58,,0.46,0.08,170.22,0.28,0.92,0.09,367.88,11.22,50.85,19.31,118.46,0.14,6.63,0.70,,WATCHLIST,,PULLBACK | score 72.75 | RS 0.814 | trend 0.8 | R:R 2.0
3,SYRE,"Spyre Therapeutics, Inc.",NMS,EQUITY,United States,Healthcare,Biotechnology,6815302144,risk_on,71.44,0.66,1.00,excellent,0.62,0.42,0.82,0.70,True,1.00,0.65,0.29,PULLBACK,True,73.07,73.52,67.38,85.81,2.00,0.06,1.71,73.52,980800.00,1129100.00,881200.00,980800.00,72108412.71,0.90,0.49,57.04,94.06,1108609.00,839670.00,951494.00,2026-08-04,59,False,False,,,0.00,0.00,,-0.31,0.00,-0.23,,-25.89,12.01,,,0.15,9.21,0.98,,WATCHLIST,,PULLBACK | score 71.44 | RS 0.663 | trend 1.0 | R:R 2.0
4,AAOI,"Applied Optoelectronics, Inc.",NGM,EQUITY,United States,Technology,Communication Equipment,16280455168,risk_on,69.83,0.63,1.00,excellent,0.23,0.71,0.82,0.70,True,1.00,0.51,0.47,PULLBACK,True,180.02,184.07,152.08,248.06,2.00,0.12,0.79,184.07,12542285.00,12273193.33,11620600.00,12542285.00,2308658491.81,0.93,0.08,202.99,219.52,12310404.00,11206010.00,14399786.00,2026-08-06,61,False,False,0.51,,-0.09,-0.09,25.36,-0.06,0.30,-0.03,,42.52,14.49,32.11,-587.16,0.12,0.82,0.68,,AVOID,,PULLBACK | score 69.83 | RS 0.628 | trend 1.0 | R:R 2.0
5,APGE,"Apogee Therapeutics, Inc.",NGM,EQUITY,United States,Healthcare,Biotechnology,6852894208,risk_on,66.25,0.41,0.85,excellent,0.53,0.42,0.82,0.70,True,1.00,0.61,0.39,PULLBACK,True,83.42,84.19,77.01,98.55,2.00,0.06,1.22,84.19,925910.00,939390.00,757450.00,925910.00,77952365.16,0.82,0.48,65.91,107.52,935658.00,1166150.00,1434905.00,2026-08-10,65,False,False,,,0.00,0.00,0.64,-0.28,0.00,-0.19,,-17.74,5.39,,-18.97,0.20,14.63,1.31,,AVOID,,PULLBACK | score 66.25 | RS 0.407 | trend 0.85 | R:R 2.0
6,BEAM,Beam Therapeutics Inc.,NMS,EQUITY,United States,Healthcare,Biotechnology,3378553344,risk_on,64.58,0.41,0.80,acceptable,0.56,0.42,0.82,0.70,True,1.00,0.35,0.47,PULLBACK,True,30.12,29.55,26.65,35.35,2.00,0.07,0.59,29.55,1957430.00,2061141.67,1890050.00,1957430.00,57842055.01,0.97,0.45,24.13,38.20,2041384.00,1774870.00,4391439.00,2026-08-04,59,False,False,3.25,,-3.38,-0.40,21.54,-0.06,-1.47,-0.16,,-6.92,2.80,20.60,-6.61,0.40,12.20,1.07,,AVOID,,PULLBACK | score 64.58 | RS 0.407 | trend 0.8 | R:R 2.0
7,INOD,Innodata Inc.,NGM,EQUITY,United States,Technology,Information Technology Services,3967625984,risk_on,76.35,0.99,1.00,excellent,0.42,0.71,0.25,0.70,True,1.00,1.00,0.90,NO_VALID_SETUP,False,,108.27,93.95,136.90,2.00,0.09,0.45,108.27,3454455.00,1772973.33,2018000.00,3454455.00,374013831.25,0.58,0.41,89.11,134.40,1724273.00,1881900.00,2987574.00,2026-07-30,54,False,False,0.54,0.91,0.19,0.14,3.20,0.39,0.42,0.18,108.48,60.57,30.93,14.00,74.26,0.09,1.11,0.53,,VETO,no_valid_setup,Veto: no_valid_setup
8,RDW,Redwire Corporation,NYQ,EQUITY,United States,Industrials,Aerospace & Defense,4262828288,risk_on,74.74,0.96,1.00,excellent,0.42,0.81,0.25,0.70,True,1.00,1.00,0.47,NO_VALID_SETUP,False,,18.62,14.35,27.16,2.00,0.15,0.72,18.62,57528385.00,33171145.00,53617400.00,57528385.00,1071178576.98,0.93,0.00,21.33,21.39,32417019.00,66850520.00,74644188.00,2026-08-05,60,False,False,0.58,,-0.72,-0.81,11.32,-0.49,0.13,-0.15,,-52.27,3.90,11.49,-24.13,0.18,0.93,0.54,,VETO,no_valid_setup,Veto: no_valid_setup
9,OUST,"Ouster, Inc.",NMS,EQUITY,United States,Technology,Electronic Components,2998359040,risk_on,73.15,0.91,1.00,excellent,0.41,0.71,0.25,0.70,True,1.00,1.00,0.47,NO_VALID_SETUP,False,,43.96,37.50,56.89,2.00,0.10,0.53,43.96,5992830.00,3427573.33,5401250.00,5992830.00,263444801.31,0.90,0.40,34.59,51.84,3374690.00,5153230.00,5063357.00,2026-05-05,-32,False,False,0.49,,-0.40,-0.30,6.31,-0.25,0.48,-0.15,,-1046.44,10.84,16.18,-42.06,0.10,1.50,0.49,,VETO,no_valid_setup,Veto: no_valid_setup
10,IRDM,Iridium Communications Inc,NMS,EQUITY,United States,Communication Services,Telecom Services,5505243648,risk_on,73.05,0.84,1.00,excellent,0.50,0.71,0.25,0.70,True,1.00,1.00,0.43,NO_VALID_SETUP,False,,48.97,44.31,58.29,2.00,0.06,1.16,48.97,2245610.00,2383013.33,2241250.00,2245610.00,109967524.44,1.00,0.11,49.54,55.11,2341998.00,2403400.00,2556859.00,2026-04-23,-44,False,False,0.02,-0.26,0.23,0.12,381.97,0.21,0.72,0.06,52.60,36.33,11.75,6.29,16.38,0.06,2.18,0.90,,VETO,no_valid_setup,Veto: no_valid_setup
11,FLNC,"Fluence Energy, Inc.",NMS,EQUITY,United States,Utilities,Utilities - Renewable,5004035072,risk_on,72.31,0.85,0.85,excellent,0.38,1.00,0.25,0.70,True,1.00,1.00,0.30,NO_VALID_SETUP,False,,24.85,20.50,33.54,2.00,0.12,0.71,24.85,18223620.00,8853785.00,12314400.00,18223620.00,452856963.95,0.68,0.25,24.00,30.74,8602768.00,14117540.00,10798289.00,2026-05-06,-31,False,False,0.08,,-0.08,-0.02,87.73,-0.13,0.12,-0.01,,147.76,9.79,1.94,-201.09,0.38,2.13,0.84,,VETO,no_valid_setup,Veto: no_valid_setup
12,GEO,Geo Group Inc (The) REIT,NYQ,EQUITY,United States,Industrials,Security & Protection Services,3360499968,risk_on,72.24,0.76,1.00,excellent,0.55,0.81,0.25,0.70,True,1.00,0.65,0.65,NO_VALID_SETUP,False,,23.60,22.51,25.79,2.00,0.03,0.56,23.60,1945575.00,1964588.33,1557250.00,1945575.00,45915570.74,0.80,0.02,24.73,25.12,2086530.00,1540720.00,1341042.00,2026-08-05,60,False,False,0.17,1.06,0.13,0.10,110.99,0.19,0.25,0.05,12.77,15.12,2.12,1.23,10.62,0.10,5.09,0.95,,VETO,no_valid_setup,Veto: no_valid_setup
13,CXW,"CoreCivic, Inc.",NYQ,EQUITY,United States,Industrials,Security & Protection Services,2280367872,risk_on,71.47,0.52,1.00,excellent,0.53,0.81,0.25,0.70,True,1.00,1.00,0.59,NO_VALID_SETUP,False,,21.71,20.61,23.91,2.00,0.03,0.63,21.71,1170395.00,1120855.00,1007500.00,1170395.00,25409274.38,0.86,0.01,22.97,23.20,1106874.00,895550.00,1199116.00,2026-08-05,60,False,False,0.26,0.66,0.11,0.06,101.99,0.09,0.24,0.05,18.75,11.59,1.63,0.98,9.28,0.03,2.28,0.92,,VETO,no_valid_setup,Veto: no_valid_setup
14,SEZL,Sezzle Inc.,NCM,EQUITY,United States,Financial Services,Credit Services,4067860736,risk_on,70.52,0.76,1.00,excellent,0.52,0.25,0.25,0.70,True,1.00,1.00,0.95,NO_VALID_SETUP,False,,113.19,102.02,135.53,2.00,0.07,0.76,113.19,749930.00,696318.33,576400.00,749930.00,84884578.53,0.77,0.52,86.37,146.67,689952.00,571710.00,386441.00,2026-08-06,61,False,False,0.29,0.47,0.61,0.31,73.79,0.92,0.74,0.48,25.15,18.55,20.66,8.46,14.28,0.29,6.51,0.41,,VETO,no_valid_setup,Veto: no_valid_setup
15,RHI,Robert Half Inc.,NYQ,EQUITY,United States,Industrials,Staffing & Employment Services,3232477440,risk_on,67.40,0.54,0.85,excellent,0.40,0.81,0.25,0.70,True,1.00,1.00,0.34,NO_VALID_SETUP,False,,29.56,27.40,33.89,2.00,0.05,1.09,29.56,1975005.00,2719106.67,1798350.00,1975005.00,58381146.75,0.91,0.09,30.12,32.98,2753009.00,1969350.00,1722383.00,2026-07-22,46,False,False,-0.04,-0.19,0.03,0.02,20.47,0.10,0.37,0.02,24.31,15.33,2.58,0.61,25.09,0.29,9.01,1.27,,VETO,no_valid_setup,Veto: no_valid_setup
16,AXON,"Axon Enterprise, Inc.",NMS,EQUITY,United States,Industrials,Aerospace & Defense,41364987904,risk_on,67.28,0.43,0.60,weak,0.63,0.81,0.25,0.70,True,1.00,1.00,0.63,NO_VALID_SETUP,False,,481.48,442.08,560.28,2.00,0.05,0.94,481.48,1357490.00,1116070.00,1293650.00,1357490.00,653604300.11,0.95,0.01,507.35,513.99,1097573.00,1299550.00,1285423.00,2026-08-03,58,False,False,0.34,0.90,0.04,0.07,52.07,0.07,0.59,0.00,205.28,48.54,11.70,13.87,412.87,0.05,2.92,0.89,,VETO,no_valid_setup,Veto: no_valid_setup
17,ADPT,Adaptive Biotechnologies Corpor,NMS,EQUITY,United States,Healthcare,Diagnostics & Research,2893602560,risk_on,67.12,0.46,0.85,excellent,0.78,0.42,0.25,0.70,True,1.00,1.00,0.42,NO_VALID_SETUP,False,,15.99,14.96,18.05,2.00,0.04,1.26,15.99,1781140.00,1908545.00,1575400.00,1781140.00,28480428.19,0.88,0.46,12.99,20.67,1933823.00,1722170.00,4415047.00,2026-08-04,59,False,False,0.35,,-0.27,-0.17,92.84,-0.24,0.44,-0.06,,-70.31,13.34,9.80,-97.07,0.07,5.62,0.96,,VETO,no_valid_setup,Veto: no_valid_setup
18,HNGE,"Hinge Health, Inc.",NYQ,EQUITY,United States,Healthcare,Health Information Services,4873400320,risk_on,66.97,0.64,0.85,excellent,0.54,0.42,0.25,0.70,True,1.00,1.00,0.48,NO_VALID_SETUP,False,,58.66,54.75,66.49,2.00,0.04,0.56,58.66,1774715.00,1226866.67,1308100.00,1774715.00,104104781.63,0.74,0.08,59.88,64.90,1243292.00,1610820.00,1942681.00,2026-08-04,59,False,False,0.47,-0.68,0.18,-0.79,2.24,-1.36,0.81,-0.46,,20.17,43.58,7.54,-9.07,0.08,2.82,1.08,,VETO,no_valid_setup,Veto: no_valid_setup
19,RDDT,"Reddit, Inc.",NYQ,EQUITY,United States,Communication Services,Internet Content & Information,35404337152,risk_on,66.81,0.36,0.60,weak,0.57,0.71,0.25,0.70,True,1.00,1.00,1.00,NO_VALID_SETUP,False,,169.49,154.93,198.62,2.00,0.06,0.63,169.49,5395225.00,4961201.67,5238050.00,5395225.00,914436714.89,0.97,0.00,183.80,184.59,5031320.00,6140630.00,7361770.00,2026-07-30,54,False,False,0.69,6.75,0.28,0.29,0.67,0.26,0.91,0.13,52.40,20.82,11.13,14.31,51.25,0.09,2.60,0.94,,VETO,no_valid_setup,Veto: no_valid_setup
20,AMG,"Affiliated Managers Group, Inc.",NYQ,EQUITY,United States,Financial Services,Asset Management,8843293696,risk_on,66.26,0.41,1.00,excellent,0.56,0.25,0.25,0.70,True,1.00,1.00,0.80,NO_VALID_SETUP,False,,311.61,298.85,337.12,2.00,0.03,1.27,311.61,300765.00,343026.67,291400.00,300765.00,93721377.24,0.97,0.25,268.00,344.55,344749.00,338430.00,544279.00,2026-07-30,54,False,False,0.10,0.74,0.22,0.36,73.42,0.22,0.49,0.03,13.74,8.53,2.87,4.17,23.18,0.04,2.48,0.99,,VETO,no_valid_setup,Veto: no_valid_setup
21,ICLR,ICON plc,NMS,EQUITY,Ireland,Healthcare,Diagnostics & Research,11699487744,risk_on,65.51,0.66,0.60,weak,0.73,0.42,0.25,0.70,True,1.00,0.86,0.49,NO_VALID_SETUP,False,,143.90,132.98,165.74,2.00,0.05,1.26,143.90,1098425.00,1154548.33,981750.00,1098425.00,158063350.80,0.89,0.51,109.65,185.60,1159495.00,1330280.00,1682187.00,2026-06-04,-2,False,False,0.12,,0.11,0.03,38.68,0.02,0.26,0.04,52.51,13.06,1.25,1.42,10.47,0.04,2.36,1.09,,VETO,no_valid_setup,Veto: no_valid_setup
22,HUM,Humana Inc.,NYQ,EQUITY,United States,Healthcare,Healthcare Plans,41997512704,risk_on,64.30,0.84,0.85,excellent,0.50,0.42,0.25,0.70,True,1.00,0.39,0.42,NO_VALID_SETUP,False,,327.54,311.61,359.39,2.00,0.03,0.69,327.54,1630260.00,1731021.67,1584550.00,1630260.00,533975374.33,0.97,0.00,348.77,349.13,1722103.00,1078530.00,1604227.00,2026-07-29,53,False,False,0.24,-0.05,0.05,0.01,77.07,0.06,0.14,0.04,37.33,22.26,2.26,0.31,10.25,0.06,2.99,1.00,,VETO,no_valid_setup,Veto: no_valid_setup
23,FPS,"Forgent Power Solutions, Inc.",NYQ,EQUITY,United States,Industrials,Electrical Equipment & Parts,20686962688,risk_on,63.07,0.85,0.00,weak,0.62,0.81,0.25,0.70,True,1.00,0.74,0.53,NO_VALID_SETUP,False,,59.78,53.27,72.80,2.00,0.07,0.83,59.78,7017025.00,5377901.67,5039200.00,7017025.00,419477745.93,0.72,0.00,64.40,64.57,5234615.00,8367610.00,8892539.00,2026-05-14,-23,False,False,1.03,,0.10,0.02,121.45,,0.34,,3229.50,54.40,35.31,17.30,100.49,0.16,1.00,0.46,,VETO,"trend_score_too_weak, no_valid_setup","Veto: trend_score_too_weak, no_valid_setup"
24,AMT,American Tower Corporation (REI,NYQ,EQUITY,United States,Real Estate,REIT - Specialty,90341326848,risk_on,63.07,0.31,0.60,weak,0.70,0.49,0.25,0.70,True,1.00,0.86,0.71,NO_VALID_SETUP,False,,182.24,175.38,195.95,2.00,0.03,1.76,182.24,3177305.00,3161731.67,2867450.00,3177305.00,579032080.65,0.90,,194.24,193.35,3153690.00,3076190.00,2642839.00,2026-07-28,52,False,False,0.07,0.77,0.46,0.27,444.55,0.30,0.74,0.05,31.23,28.08,25.65,8.35,20.10,0.02,3.09,0.97,,VETO,no_valid_setup,Veto: no_valid_setup
25,OSCR,"Oscar Health, Inc.",NYQ,EQUITY,United States,Healthcare,Healthcare Plans,7115234816,risk_on,62.86,0.63,0.80,acceptable,0.46,0.42,0.25,0.83,True,1.00,0.35,0.64,NO_VALID_SETUP,False,,20.50,18.41,25.58,2.43,0.07,0.75,20.50,8873610.00,7252696.67,8472200.00,8873610.00,181909005.00,0.95,,23.57,23.30,7177569.00,6536750.00,9573326.00,2026-05-06,-31,False,False,0.53,1.26,0.15,-0.00,28.93,-0.03,0.17,0.00,,16.87,4.24,0.53,19.94,0.08,2.38,0.67,,VETO,no_valid_setup,Veto: no_valid_setup
26,AVAV,"AeroVironment, Inc.",NMS,EQUITY,United States,Industrials,Aerospace & Defense,10343675904,risk_on,62.06,0.37,0.45,weak,0.49,0.81,0.25,0.74,True,1.00,0.86,0.47,NO_VALID_SETUP,False,,191.47,174.04,228.40,2.12,0.06,0.99,191.47,1347765.00,1376128.33,1137000.00,1347765.00,258056566.20,0.84,0.50,146.95,245.76,1414766.00,1598880.00,999612.00,2026-06-29,23,False,False,1.43,,-0.05,-0.14,19.34,-0.09,0.25,-0.01,,50.68,2.38,6.42,68.80,0.12,3.92,0.89,,VETO,"trend_score_too_weak, no_valid_setup","Veto: trend_score_too_weak, no_valid_setup"
27,NVCR,NovoCure Limited,NMS,EQUITY,Switzerland,Healthcare,Medical Devices,2083618816,risk_on,60.90,0.44,0.80,acceptable,0.73,0.42,0.25,0.70,True,1.00,0.35,0.32,NO_VALID_SETUP,False,,16.15,14.77,18.92,2.01,0.06,1.12,16.15,1516655.00,1460946.67,1478600.00,1516655.00,24493977.67,0.97,0.47,13.04,21.08,1472492.00,1394840.00,2250750.00,2026-07-23,47,False,False,0.12,,-0.39,-0.26,71.04,-0.50,0.75,-0.11,,-15.36,6.30,3.09,-11.35,0.10,4.54,0.87,,VETO,no_valid_setup,Veto: no_valid_setup
28,BLLN,"BillionToOne, Inc.",NMS,EQUITY,United States,Healthcare,Diagnostics & Research,4810667520,risk_on,60.55,0.65,0.00,weak,0.71,0.42,0.25,0.70,True,1.00,1.00,0.68,NO_VALID_SETUP,False,,98.36,87.36,120.36,2.00,0.07,1.21,98.36,805260.00,528848.33,721300.00,805260.00,79205374.09,0.90,0.46,78.82,126.51,533725.00,708960.00,1124233.00,2026-08-05,60,False,False,0.84,,0.16,0.07,28.52,0.09,0.70,0.04,193.69,101.54,9.51,13.57,102.67,0.06,2.19,0.38,,VETO,"trend_score_too_weak, no_valid_setup","Veto: trend_score_too_weak, no_valid_setup"
29,HOOD,"Robinhood Markets, Inc.",NMS,EQUITY,United States,Financial Services,Capital Markets,79541616640,risk_on,59.28,0.42,0.60,weak,0.46,0.25,0.25,0.70,True,1.00,0.86,0.67,NO_VALID_SETUP,False,,82.85,74.87,98.82,2.00,0.06,0.94,82.85,25642975.00,29109481.67,21345350.00,25642975.00,2124520439.62,0.83,0.15,80.63,93.85,29209098.00,30139560.00,31084348.00,2026-07-29,53,False,False,0.15,0.03,0.39,0.41,140.48,0.21,0.92,0.05,42.88,32.16,8.54,17.24,,0.05,1.17,0.74,,VETO,no_valid_setup,Veto: no_valid_setup
30,WOLF,"Wolfspeed, Inc.",NYQ,EQUITY,United States,Technology,Semiconductors,3241618688,risk_on,58.80,0.96,0.00,weak,0.41,0.71,0.25,0.70,True,1.00,0.65,0.17,NO_VALID_SETUP,False,,61.67,45.28,94.46,2.00,0.18,0.70,61.67,11510305.00,5947991.67,10069150.00,11510305.00,709840488.27,0.87,,68.72,66.50,5762098.00,9868860.00,7601190.00,2026-05-05,-32,False,False,-0.19,,-0.72,-0.73,179.16,-0.84,-0.17,-0.05,,-13.40,2.92,4.55,-14.30,,3.16,1.25,,VETO,"trend_score_too_weak, no_valid_setup","Veto: trend_score_too_weak, no_valid_setup"
31,HRI,Herc Holdings Inc.,NYQ,EQUITY,United States,Industrials,Rental & Leasing Services,4690388480,risk_on,58.11,0.27,0.40,weak,0.50,0.81,0.25,0.80,True,1.00,0.51,0.38,NO_VALID_SETUP,False,,131.98,123.61,151.60,2.34,0.05,1.15,131.98,475430.00,573948.33,465300.00,475430.00,62747249.37,0.98,0.00,140.41,140.58,589582.00,474000.00,570359.00,2026-07-28,52,False,False,0.32,,0.09,-0.00,508.06,-0.00,0.32,0.04,,14.13,2.47,1.01,15.64,0.09,3.34,1.05,,VETO,"trend_score_too_weak, no_valid_setup","Veto: trend_score_too_weak, no_valid_setup"
32,GRAL,"GRAIL, Inc.",NMS,EQUITY,United States,Healthcare,Diagnostics & Research,2856099328,risk_on,57.86,0.50,0.40,weak,0.67,0.42,0.25,0.77,True,1.00,0.35,0.46,NO_VALID_SETUP,False,,61.13,52.94,79.50,2.24,0.09,0.95,61.13,840715.00,804893.33,652150.00,840715.00,51392908.85,0.78,0.46,49.23,78.72,825544.00,1058500.00,1275159.00,2026-05-05,-32,False,False,0.28,,-3.33,-2.53,2.04,-0.16,0.49,-0.11,,-6.85,1.09,18.29,-5.78,0.17,12.31,0.84,,VETO,"trend_score_too_weak, no_valid_setup","Veto: trend_score_too_weak, no_valid_setup"
33,ORKA,"Oruka Therapeutics, Inc.",NGM,EQUITY,United States,Healthcare,Biotechnology,3756237568,risk_on,57.24,0.43,0.40,weak,0.32,0.42,0.70,1.00,True,1.00,0.10,0.39,VOLATILITY_CONTRACTION,False,,57.20,53.35,91.00,8.78,0.06,0.64,57.20,1306890.00,1542910.00,1143900.00,1306890.00,74754109.00,0.88,0.48,45.62,74.30,1485426.00,1066660.00,1477697.00,2026-08-10,65,False,False,,,0.00,0.00,0.37,-0.27,0.00,-0.19,,-25.29,6.46,,-25.30,0.16,2.80,0.89,,VETO,trend_score_too_weak,Veto: trend_score_too_weak
34,KTOS,Kratos Defense & Security Solut,NMS,EQUITY,United States,Industrials,Aerospace & Defense,11888766976,risk_on,55.92,0.13,0.20,weak,0.28,0.81,0.25,1.00,True,1.00,0.70,0.57,NO_VALID_SETUP,False,,58.43,52.75,96.88,6.77,0.06,0.97,58.43,5280450.00,4220913.33,4605800.00,5280450.00,308536695.11,0.87,0.48,45.47,74.47,4261455.00,5429430.00,4201153.00,2026-08-06,61,False,False,0.23,1.31,0.02,0.02,5.44,0.01,0.23,0.01,372.94,59.04,3.48,8.40,130.66,0.08,2.96,0.94,,VETO,"trend_score_too_weak, no_valid_setup","Veto: trend_score_too_weak, no_valid_setup"
35,CRSP,CRISPR Therapeutics AG,NGM,EQUITY,Switzerland,Healthcare,Biotechnology,5492758528,risk_on,55.80,0.21,0.40,weak,0.60,0.42,0.25,0.71,True,1.00,0.70,0.48,NO_VALID_SETUP,False,,52.08,48.48,59.39,2.03,0.05,0.78,52.08,1639325.00,1945298.33,1606350.00,1639325.00,85376049.00,0.98,0.47,41.59,67.20,1915677.00,1667600.00,3293162.00,2026-05-11,-26,False,False,0.69,,-89.33,0.00,43.41,-0.31,0.00,-0.14,,-14.75,3.03,1338.72,-7.23,0.32,15.07,0.79,,VETO,"trend_score_too_weak, no_valid_setup","Veto: trend_score_too_weak, no_valid_setup"
36,UPST,"Upstart Holdings, Inc.",NMS,EQUITY,United States,Financial Services,Credit Services,3088612352,risk_on,54.49,0.30,0.60,weak,0.35,0.25,0.25,0.70,True,1.00,0.70,0.42,NO_VALID_SETUP,False,,30.29,27.20,36.47,2.00,0.07,1.07,30.29,5110450.00,4851308.33,4904250.00,5110450.00,154795535.18,0.96,0.43,23.06,35.75,4831600.00,4734290.00,4207959.00,2026-08-04,59,False,False,0.45,,0.01,0.04,269.84,0.07,0.83,0.02,78.71,9.39,4.21,2.63,46.43,0.32,5.31,0.62,,VETO,no_valid_setup,Veto: no_valid_setup
37,PTGX,"Protagonist Therapeutics, Inc.",NGM,EQUITY,United States,Healthcare,Biotechnology,6610566144,risk_on,53.48,0.26,0.40,weak,0.50,0.42,0.25,1.00,True,1.00,0.10,0.47,NO_VALID_SETUP,False,,95.41,92.29,107.84,3.98,0.04,1.03,95.41,559880.00,731780.00,534850.00,559880.00,53418152.85,0.96,0.50,74.30,123.52,728309.00,520270.00,637800.00,2026-05-05,-32,False,False,0.99,,-0.06,-1.55,1.49,-0.17,1.00,-0.12,,-150.14,10.07,89.26,-43.06,0.13,11.83,1.25,,VETO,"trend_score_too_weak, no_valid_setup","Veto: trend_score_too_weak, no_valid_setup"
38,GKOS,Glaukos Corporation,NYQ,EQUITY,United States,Healthcare,Medical Devices,7147330048,risk_on,52.94,0.20,0.55,weak,0.42,0.42,0.25,0.92,True,1.00,0.10,0.47,NO_VALID_SETUP,False,,113.64,100.97,148.11,2.72,0.07,0.93,113.64,1174825.00,898693.33,965200.00,1174825.00,133507112.28,0.82,0.04,120.49,126.03,887842.00,1657370.00,1424699.00,2026-07-29,53,False,False,0.41,,-0.13,-0.34,15.78,-0.26,0.78,-0.06,,253.96,10.58,12.96,-157.59,0.07,4.26,1.02,,VETO,no_valid_setup,Veto: no_valid_setup
39,STEP,StepStone Group Inc.,NMS,EQUITY,United States,Financial Services,Asset Management,5845554688,risk_on,49.97,0.10,0.15,weak,0.80,0.25,0.25,1.00,True,1.00,0.10,0.36,NO_VALID_SETUP,False,,43.63,41.28,57.79,6.03,0.06,2.31,43.63,1182785.00,1064780.00,909050.00,1182785.00,51604910.81,0.77,0.53,33.28,57.26,1071780.00,1708150.00,1023570.00,2026-08-06,61,False,False,0.56,,-0.03,-0.27,147.33,-0.56,-0.42,-0.11,,13.99,-9.81,2.93,-5.35,0.07,5.66,1.03,,VETO,"trend_score_too_weak, no_valid_setup","Veto: trend_score_too_weak, no_valid_setup"
40,BX,Blackstone Inc.,NYQ,EQUITY,United States,Financial Services,Asset Management,144899162112,risk_on,49.07,0.20,0.00,weak,0.62,0.25,0.25,1.00,True,1.00,0.10,0.67,NO_VALID_SETUP,False,,110.28,106.49,133.25,6.07,0.04,1.66,110.28,4909565.00,7298705.00,4831700.00,4909565.00,541426822.21,0.98,0.01,118.00,118.65,7423482.00,5294290.00,8014315.00,2026-07-23,47,False,False,0.06,0.04,0.38,0.21,72.02,0.30,1.00,0.13,30.40,15.73,11.12,10.06,,0.02,3.20,0.74,,VETO,"trend_score_too_weak, no_valid_setup","Veto: trend_score_too_weak, no_valid_setup"
41,VERA,"Vera Therapeutics, Inc.",NGM,EQUITY,United States,Healthcare,Biotechnology,2396113408,risk_on,47.77,0.12,0.15,weak,0.40,0.42,0.25,1.00,True,1.00,0.10,0.39,NO_VALID_SETUP,False,,31.27,30.44,47.00,18.88,0.06,0.99,31.27,1004815.00,1177680.00,981950.00,1004815.00,31420565.51,0.98,0.42,26.46,40.64,1174569.00,957010.00,2801478.00,2026-08-04,59,False,False,,,0.00,0.00,15.39,-0.71,0.00,-0.39,,-8.78,4.79,,-4.90,0.16,9.81,1.11,,VETO,"trend_score_too_weak, no_valid_setup","Veto: trend_score_too_weak, no_valid_setup"
42,CAI,"Caris Life Sciences, Inc.",NMS,EQUITY,United States,Healthcare,Biotechnology,4884722688,risk_on,47.27,0.05,0.00,weak,0.22,0.42,0.25,1.00,True,1.00,0.45,0.66,NO_VALID_SETUP,False,,15.48,14.12,22.16,4.91,0.06,0.83,15.48,3381280.00,2594738.33,2752000.00,3381280.00,52342212.85,0.81,0.17,16.30,19.24,2570080.00,2381220.00,3197607.00,2026-05-07,-30,False,False,0.79,,0.02,0.04,72.61,0.28,0.69,0.09,,47.25,8.23,5.38,34.83,0.10,4.45,0.57,,VETO,"trend_score_too_weak, no_valid_setup","Veto: trend_score_too_weak, no_valid_setup"
43,TEM,"Tempus AI, Inc.",NMS,EQUITY,United States,Healthcare,Health Information Services,9384054784,risk_on,46.09,0.14,0.00,weak,0.35,0.42,0.25,0.79,True,1.00,0.45,0.31,NO_VALID_SETUP,False,,47.51,42.92,58.04,2.30,0.06,0.90,47.51,7156900.00,5731698.33,6324050.00,7156900.00,340024306.99,0.88,0.59,48.84,90.00,5663069.00,6549540.00,13802853.00,2026-05-05,-32,False,False,0.36,,-0.24,-0.22,316.65,-0.82,0.63,-0.09,,-489.92,22.50,6.88,-54.32,0.36,5.44,0.57,,VETO,"trend_score_too_weak, no_valid_setup","Veto: trend_score_too_weak, no_valid_setup"
